,ctx_name,n_objects,n_attributes,n_connections,density
0,animal_movement,16,4,24,0.375
1,digits,10,7,47,0.6714285714285714
2,gewaesser,8,6,24,0.5
3,lattice,14,16,93,0.41517857142857145
4,liveinwater,8,9,34,0.4722222222222222
5,tealady,18,14,89,0.3531746031746032
6,bob_ross,403,67,3221,0.11929187807858968
