,ctx_name,n_objects,n_attributes,n_connections,density
0,animal_movement,16.0,4.0,24.0,0.375
1,gewaesser,8.0,6.0,24.0,0.5
2,liveinwater,8.0,9.0,34.0,0.4722222222222222
3,digits,10.0,7.0,47.0,0.6714285714285714
4,tealady,18.0,14.0,89.0,0.3531746031746032
5,lattice,14.0,16.0,93.0,0.41517857142857145
6,bob_ross,403.0,67.0,3221.0,0.11929187807858968
